ZN,CHAS,NOX,RM,AGE,DIS,RAD,TAX,PTRATIO,B,LSTAT,MEDV,クラスタ1との距離,クラスタ2との距離
18.0,0,-0.1171198732055518,6.575,65.2,4.09,1,296.0,15.3,396.9,4.98,24.0,280.14072169454187,601.337020919911
0.0,0,-0.7153550379777306,6.421,78.9,4.9671,2,242.0,17.8,396.9,9.14,21.6,318.1466224148697,667.0326141896126
0.0,0,-0.7153550379777306,7.185,61.1,4.9671,2,242.0,17.8,392.83,4.03,34.7,331.8861979704252,647.2152087752479
0.0,0,-0.8107258613472078,6.998,45.8,6.0622,3,222.0,18.7,394.63,2.94,33.4,371.68458879379466,663.9517653444739
0.0,0,-0.8107258613472078,7.147,54.2,6.0622,3,222.0,18.7,396.9,5.33,36.2,364.0769087937947,663.661212416297
0.0,0,-0.8107258613472078,6.43,58.7,6.0622,3,222.0,18.7,394.12,5.21,28.7,346.73910879379474,655.7155671124297
12.5,0,-0.2385009211303417,6.012,66.6,5.5605,5,311.0,15.2,395.6,12.43,22.9,229.7099882980223,607.2748372753013
12.5,0,-0.2385009211303417,6.172,96.1,5.9505,5,311.0,15.2,396.9,19.15,27.1,261.2715060758,638.7685772753011
12.5,0,-0.2385009211303417,5.631,100.0,6.0821,5,311.0,15.2,386.63,29.93,16.5,264.5840827424667,656.9404516951907
12.5,0,-0.2385009211303417,6.004,85.9,6.5921,5,311.0,15.2,386.71,17.1,18.9,233.5122827424667,625.6878253968482
12.5,0,-0.2385009211303417,6.377,94.3,6.3467,5,311.0,15.2,392.52,20.45,15.0,252.7002327424667,640.1475635736437
12.5,0,-0.2385009211303417,6.009,82.9,6.2267,5,311.0,15.2,396.9,13.27,18.9,232.5544527424667,620.3548572753012
12.5,0,-0.2385009211303417,5.889,39.0,5.4509,5,311.0,15.2,390.5,15.71,21.7,242.79456496468896,590.1456202034781
0.0,0,-0.1171198732055518,5.949,61.8,4.7075,4,307.0,21.0,396.9,8.26,20.4,229.92113580565297,599.0456378259884
0.0,0,-0.1171198732055518,6.096,84.5,4.4619,4,307.0,21.0,380.02,10.26,18.2,215.62451358343077,624.9275759475355
0.0,0,-0.1171198732055518,5.834,56.5,4.4986,4,307.0,21.0,395.62,8.47,19.9,230.13486580565305,589.4971678259883
0.0,0,-0.1171198732055518,5.935,29.3,4.4986,4,307.0,21.0,386.85,6.58,23.1,247.88373913898636,596.6466857265408
0.0,0,-0.1171198732055518,5.99,81.7,4.2579,4,307.0,21.0,386.75,14.67,17.5,214.42075358343078,614.9638159475354
0.0,0,-0.1171198732055518,5.456,36.6,3.7965,4,307.0,21.0,288.99,11.69,20.2,300.7793924723197,688.8405988757122
0.0,0,-0.1171198732055518,5.727,69.5,3.7965,4,307.0,21.0,390.95,11.28,18.2,202.9504824723197,595.2446778259883
0.0,0,-0.1171198732055518,5.57,98.1,3.7979,4,307.0,21.0,376.57,21.02,13.6,225.40785025009748,647.1414059475353
0.0,0,-0.1171198732055518,5.965,89.2,4.0123,4,307.0,21.0,392.53,13.83,19.6,216.60799358343078,613.3471178259882
0.0,0,-0.1171198732055518,6.142,91.7,3.9769,4,307.0,21.0,396.9,18.72,15.2,230.93602358343074,627.7459478259884
0.0,0,-0.1171198732055518,5.813,100.0,4.0952,4,307.0,21.0,394.54,19.88,14.5,236.9392835834308,633.5126078259884
0.0,0,-0.1171198732055518,5.924,94.1,4.3996,4,307.0,21.0,394.33,16.3,15.6,224.1045135834308,620.0690378259883
0.0,0,-0.1171198732055518,5.599,85.7,4.4546,4,307.0,21.0,303.42,16.51,13.9,263.2657935834308,691.9844559475354
0.0,0,-0.1171198732055518,5.813,90.3,4.682,4,307.0,21.0,376.88,14.81,16.6,196.6795635834308,616.1144259475351
0.0,0,-0.1171198732055518,6.047,88.8,4.4534,4,307.0,21.0,306.38,17.28,14.8,258.94182358343085,687.6628859475352
0.0,0,-0.1171198732055518,6.495,94.4,4.4547,4,307.0,21.0,387.94,12.8,18.4,203.85854358343082,600.9908059475353
0.0,0,-0.1171198732055518,6.674,87.3,4.239,4,307.0,21.0,380.23,11.98,21.0,184.6733035834308,596.5428112514027
0.0,0,-0.1171198732055518,5.713,94.1,4.233,4,307.0,21.0,360.17,22.6,12.7,212.1604635834308,641.3223259475354
0.0,0,-0.1171198732055518,6.072,100.0,4.175,4,307.0,21.0,376.73,13.04,14.5,196.47637358343079,617.2252359475353
0.0,0,-0.1171198732055518,5.95,82.0,3.99,4,307.0,21.0,232.6,27.71,13.2,328.0176435834308,757.6655059475355
0.0,0,-0.1171198732055518,5.701,95.0,3.7872,4,307.0,21.0,358.77,18.35,13.1,203.5084802500975,633.4510359475354
0.0,0,-0.1171198732055518,6.096,96.9,3.7598,4,307.0,21.0,248.31,20.34,13.5,315.5519802500975,745.4945359475354
0.0,0,-0.45525279242460936,5.933,68.2,3.3603,5,279.0,19.2,396.9,9.68,18.9,208.88414461376098,554.8808595476537
0.0,0,-0.45525279242460936,5.841,61.4,3.3779,5,279.0,19.2,377.56,11.41,20.0,191.55527461376101,550.0871276692006
0.0,0,-0.45525279242460936,5.85,41.5,3.9342,5,279.0,19.2,396.9,8.77,21.0,230.0703679470943,538.7468624758303
0.0,0,-0.45525279242460936,5.966,30.2,3.8473,5,279.0,19.2,393.43,10.13,24.7,236.0458912804277,542.1128524758307
75.0,0,-1.0708281069003291,6.595,21.8,5.4011,3,252.0,18.3,395.63,4.32,30.8,349.4742199282368,606.7110711259386
75.0,0,-1.0708281069003291,7.024,15.8,5.4011,3,252.0,18.3,395.62,1.98,34.9,360.32725992823663,617.5019564298059
0.0,0,-0.897426609864915,6.77,2.9,5.7209,3,233.0,17.9,385.41,4.84,26.6,304.23691954231236,607.696803275312
0.0,0,-0.897426609864915,6.169,6.6,5.7209,3,233.0,17.9,383.37,5.81,25.3,293.62665954231244,604.6658979714448
0.0,0,-0.897426609864915,6.211,6.5,5.7209,3,233.0,17.9,394.46,7.44,24.7,300.59599954231237,601.7108998498976
0.0,0,-0.897426609864915,6.069,40.0,5.7209,3,233.0,17.9,389.39,9.55,21.2,256.022136208979,565.343602999069
0.0,0,-0.897426609864915,5.682,33.8,5.1004,3,233.0,17.9,396.9,10.21,19.3,268.6899062089791,579.3691486896765
0.0,0,-0.897426609864915,5.786,33.3,5.1004,3,233.0,17.9,396.9,14.15,20.0,265.9169662089791,580.9882086896768
0.0,0,-0.897426609864915,6.03,85.5,5.6894,3,233.0,17.9,392.74,18.8,16.6,245.37883398675686,600.9185363692346
0.0,0,-0.897426609864915,5.399,95.3,5.87,3,233.0,17.9,396.9,30.81,14.4,272.3358339867568,627.9247363692344
0.0,0,-0.897426609864915,5.602,62.0,6.0877,3,233.0,17.9,396.9,16.2,19.4,235.0068562089791,572.9953363692346
21.0,0,-0.9754572835308513,5.963,45.7,6.8147,4,243.0,16.8,395.56,13.45,19.7,243.60081577153392,527.5337362141713
21.0,0,-0.9754572835308513,6.115,63.0,6.8147,4,243.0,16.8,393.97,9.43,20.5,223.7361757715339,526.6342232859946
21.0,0,-0.9754572835308513,6.511,21.1,6.8147,4,243.0,16.8,396.9,5.28,25.0,272.5824791048672,541.396833065
21.0,0,-0.9754572835308513,5.998,21.4,6.8147,4,243.0,16.8,396.9,8.43,23.4,265.3800691048672,538.4576562141715
75.0,0,-1.2268894542322017,5.888,47.6,7.3197,3,469.0,21.1,396.9,14.8,18.9,347.1351557200126,706.6774807053142
90.0,0,-1.2875799781945962,7.249,21.9,8.6966,5,226.0,17.9,395.93,4.81,35.4,368.4305473550865,624.331566754139
85.0,0,-1.2268894542322017,6.383,35.7,9.1876,2,313.0,17.3,396.9,5.77,24.7,252.1218612755685,560.5380715892921
100.0,0,-1.218219379380431,6.816,40.5,8.3248,5,256.0,15.1,392.9,3.95,31.6,321.6851767562723,576.424870188474
25.0,0,-0.8540762356060614,6.145,29.2,7.8148,8,284.0,19.7,390.68,6.86,23.3,210.44270361249798,477.22031527674375
25.0,0,-0.8540762356060614,5.927,47.2,6.932,8,284.0,19.7,396.9,9.22,19.6,194.68574027916463,466.140718425915
25.0,0,-0.8540762356060614,5.741,66.2,7.2254,8,284.0,19.7,395.11,13.15,18.7,170.7871002791647,479.9312054977382
25.0,0,-0.8540762356060614,5.966,93.4,6.8185,8,284.0,19.7,378.08,14.44,16.0,173.16058805694243,513.0720536192852
25.0,0,-0.8540762356060614,6.456,67.8,7.2255,8,284.0,19.7,396.9,6.73,22.2,168.79578361249796,471.73132234856683
25.0,0,-0.8540762356060614,6.762,43.4,7.9809,8,284.0,19.7,395.58,9.5,25.0,190.950953612498,455.9632437297823
17.5,0,-1.1740019976364,7.104,59.5,9.2229,3,216.0,18.6,393.24,8.05,33.0,242.66631381897278,532.1117285525861
80.0,0,-1.3309303524534497,6.29,17.8,6.6115,4,337.0,16.1,396.9,4.67,23.5,229.88928995156718,575.9137224875134
80.0,0,-1.3309303524534497,5.787,31.1,6.6115,4,337.0,16.1,396.9,10.24,19.4,210.28380661823388,563.6528056366848
12.5,0,-1.2355595290839725,5.878,21.4,6.498,4,345.0,18.9,396.21,8.1,22.0,152.94316912819775,528.9100502829286
12.5,0,-1.2355595290839725,5.594,36.8,6.498,4,345.0,18.9,396.9,13.09,17.4,137.31418579486441,521.7304334320999
12.5,0,-1.2355595290839725,5.885,33.0,6.498,4,345.0,18.9,396.9,8.79,20.9,138.26256579486443,515.4468134320998
0.0,0,-1.2008792296768895,6.417,6.6,5.2873,4,305.0,19.2,383.73,6.72,24.2,159.8529521621244,510.4704381050684
0.0,0,-1.2008792296768895,5.961,17.5,5.2873,4,305.0,19.2,376.94,9.88,21.7,134.90391882879106,507.37997125423976
0.0,0,-1.2008792296768895,6.065,7.8,5.2873,4,305.0,19.2,390.91,5.52,22.8,161.50037216212442,505.0639199835216
0.0,0,-1.2008792296768895,6.245,6.2,5.2873,4,305.0,19.2,377.17,7.54,23.4,145.7938221621244,511.4753081050685
0.0,0,-0.9927974332343927,6.273,6.0,4.2515,5,398.0,18.7,394.92,6.78,24.1,205.6975925879038,598.9921723307255
0.0,0,-0.9927974332343927,6.286,45.0,4.5026,5,398.0,18.7,383.23,8.94,21.4,149.49219925457047,559.3110836014437
0.0,0,-0.9927974332343927,6.279,74.5,4.0522,5,398.0,18.7,373.66,11.97,20.0,113.79616703234824,590.1792006732669
0.0,0,-0.9927974332343927,6.14,45.8,4.0905,5,398.0,18.7,386.96,10.27,20.8,147.21494925457043,553.2772336014438
0.0,0,-0.9927974332343927,6.232,53.7,5.0141,5,398.0,18.7,386.4,12.34,21.2,135.25835925457042,550.9393706732668
0.0,0,-0.9927974332343927,5.874,36.6,4.5026,5,398.0,18.7,396.06,9.1,20.3,163.86624925457048,562.8891954798967
25.0,0,-1.0881682566038704,6.727,33.5,5.4007,4,281.0,19.0,396.9,5.29,28.0,172.19966007794022,429.3743565795094
25.0,0,-1.0881682566038704,6.619,70.4,5.4007,4,281.0,19.0,395.63,7.22,23.9,125.88817007794023,430.89138591652596
25.0,0,-1.0881682566038704,6.302,32.2,5.4007,4,281.0,19.0,396.9,6.72,24.8,164.4492000779402,428.5692888447028
25.0,0,-1.0881682566038704,6.167,46.7,5.4007,4,281.0,19.0,390.64,7.51,22.9,138.8840800779402,407.0553688447028
0.0,0,-0.8887565350131442,6.389,48.0,4.7794,3,247.0,18.5,396.9,9.62,23.9,164.2325994674606,468.5249771231121
0.0,0,-0.8887565350131442,6.63,56.1,4.4377,3,247.0,18.5,392.3,6.53,26.6,155.21513946746066,462.65985634963147
0.0,0,-0.8887565350131442,6.015,45.1,4.4272,3,247.0,18.5,395.99,12.86,22.5,158.08590946746065,471.87988712311216
0.0,0,-0.8887565350131442,6.121,56.8,3.7476,3,247.0,18.5,395.15,8.44,22.2,146.14278613412728,466.29098419493533
0.0,0,-0.5419535409423164,7.007,86.3,3.4217,2,270.0,17.8,396.9,5.5,23.6,131.82977091783422,475.10193100908066
0.0,0,-0.5419535409423164,7.079,63.1,3.4145,2,270.0,17.8,396.06,5.7,28.7,126.10477314005648,445.34747344001994
0.0,0,-0.5419535409423164,6.417,66.1,3.0923,2,270.0,17.8,392.18,8.81,22.6,109.50337536227971,445.1932788543846
0.0,0,-0.5419535409423164,6.405,73.9,3.0921,2,270.0,17.8,393.55,8.2,22.0,111.34687314005747,452.43896570521326
28.0,0,-0.7587054122365836,6.442,53.6,3.6659,4,270.0,18.2,395.01,8.16,22.9,137.2651150113517,414.03382025447917
28.0,0,-0.7587054122365836,6.211,28.9,3.6659,4,270.0,18.2,396.33,6.21,25.0,169.11739501135173,432.0309731826559
28.0,0,-0.7587054122365836,6.249,77.3,3.615,4,270.0,18.2,396.9,10.59,20.6,130.34654945579612,440.4508434036504
0.0,0,-0.9234368344202271,6.625,57.8,3.4952,2,276.0,18.0,357.98,6.65,28.4,124.96575865575761,444.8674018976574
0.0,0,-0.9234368344202271,6.163,69.6,3.4952,2,276.0,18.0,391.83,11.34,21.4,109.02322532242425,434.7725344943425
0.0,0,-0.9234368344202271,8.069,76.0,3.4952,2,276.0,18.0,396.9,4.21,38.7,145.36774643353533,450.33531907997775
0.0,0,-0.9234368344202271,7.82,36.9,3.4952,2,276.0,18.0,393.53,3.57,43.8,178.15992865575757,438.6781520081546
0.0,0,-0.9234368344202271,7.416,62.5,3.4952,2,276.0,18.0,396.9,6.19,33.2,144.31919865575756,424.7545490799778
0.0,0,-0.2731812205374245,6.727,79.9,2.7778,5,384.0,20.9,394.76,9.42,27.5,129.59839415298555,513.06823393722
0.0,0,-0.2731812205374245,6.781,71.3,2.8561,5,384.0,20.9,395.58,7.67,26.5,124.57843415298554,503.6742407880489
0.0,0,-0.2731812205374245,6.405,85.4,2.7147,5,384.0,20.9,70.8,10.63,18.6,414.7170608196523,837.0723930532422
0.0,0,-0.2731812205374245,6.137,87.4,2.7147,5,384.0,20.9,394.47,13.44,19.3,137.44201081965227,526.9081049316954
0.0,0,-0.2731812205374245,6.167,90.0,2.421,5,384.0,20.9,392.69,12.33,20.1,138.8397208196522,524.1322486333527
0.0,0,-0.2731812205374245,5.851,96.7,2.1069,5,384.0,20.9,394.05,16.47,19.5,154.12480081965222,535.5693286333527
0.0,0,-0.2731812205374245,5.836,91.9,2.211,5,384.0,20.9,395.67,18.66,19.5,155.00712081965222,532.4516486333528
0.0,0,-0.2731812205374245,6.127,85.2,2.1224,5,384.0,20.9,387.69,14.09,20.4,136.69475081965223,512.5544167548996
0.0,0,-0.2731812205374245,6.474,97.1,2.4329,5,384.0,20.9,395.24,12.27,19.8,157.13760081965222,525.7149286333529
0.0,0,-0.2731812205374245,6.229,91.2,2.5451,5,384.0,20.9,391.23,15.55,19.4,152.14279081965225,517.6077249316952
0.0,0,-0.2731812205374245,6.195,54.4,2.7778,5,384.0,20.9,393.49,13.0,21.7,147.37401304187446,476.04911863335275
0.0,0,-0.039089199539615434,6.715,81.6,2.6775,6,432.0,17.8,395.59,10.16,22.8,194.00181486801284,546.758445958218
0.0,0,-0.039089199539615434,5.913,92.9,2.3534,6,432.0,17.8,394.95,16.21,18.8,210.54293153467955,566.3942506543506
0.0,0,-0.039089199539615434,6.092,95.4,2.548,6,432.0,17.8,396.9,17.09,18.7,217.5005015346795,569.3944069526932
0.0,0,-0.039089199539615434,6.254,84.2,2.2565,6,432.0,17.8,388.74,10.45,18.5,197.97701153467952,542.0762687758973
0.0,0,-0.039089199539615434,5.928,88.2,2.4631,6,432.0,17.8,344.91,15.76,18.3,216.79118153467957,593.5066387758975
0.0,0,-0.039089199539615434,6.176,72.5,2.7301,6,432.0,17.8,393.3,12.04,21.2,190.00694153467956,529.1262606543506
0.0,0,-0.039089199539615434,6.021,82.6,2.7474,6,432.0,17.8,394.51,10.3,19.2,207.17524153467951,538.8145606543507
0.0,0,-0.039089199539615434,5.872,73.1,2.4775,6,432.0,17.8,338.63,15.37,20.4,211.5635415346796,576.2789987758977
0.0,0,-0.039089199539615434,5.731,65.2,2.7592,6,432.0,17.8,391.5,13.61,19.3,201.17988375690177,517.8989806543506
0.0,0,0.25569334542058764,5.87,69.7,2.2577,2,188.0,19.1,389.15,14.37,22.0,250.89282519075118,494.8207072324601
0.0,0,0.25569334542058764,6.004,84.1,2.1974,2,188.0,19.1,377.67,14.27,20.3,255.10090963519565,519.7194853540071
0.0,0,0.25569334542058764,5.961,92.9,2.0869,2,188.0,19.1,378.09,17.93,20.5,269.9130696351956,529.6916453540072
0.0,0,0.25569334542058764,5.856,97.0,1.9444,2,188.0,19.1,370.31,25.41,17.3,283.4141796351957,550.4417553540072
0.0,0,0.25569334542058764,5.879,95.8,2.0063,2,188.0,19.1,379.38,17.58,18.8,279.6101696351956,528.8087453540072
0.0,0,0.25569334542058764,5.986,88.4,1.9929,2,188.0,19.1,385.02,14.81,21.4,274.31603963519564,508.23461535400725
0.0,0,0.25569334542058764,5.613,95.6,1.7572,2,188.0,19.1,359.29,27.26,15.7,302.67740963519566,558.0780316523498
0.0,0,0.628506564046728,5.693,96.0,1.7883,4,437.0,21.2,392.11,17.19,16.2,261.6841006315992,561.0858542632407
0.0,0,0.628506564046728,6.431,98.8,1.8125,4,437.0,21.2,396.9,15.39,18.0,267.3548206315992,562.3799342632407
0.0,0,0.628506564046728,5.637,94.7,1.9799,4,437.0,21.2,396.9,18.34,14.3,272.0591569649325,564.1123542632406
0.0,0,0.628506564046728,6.458,98.9,2.1185,4,437.0,21.2,395.04,12.6,19.2,265.31119063159923,552.3115642632407
0.0,0,0.628506564046728,6.326,97.7,2.271,4,437.0,21.2,396.9,12.26,19.6,267.60194696493255,551.0639442632406
0.0,0,0.628506564046728,6.372,97.9,2.3274,4,437.0,21.2,385.76,11.12,23.0,257.89199029826585,539.1537923847876
0.0,0,0.628506564046728,5.822,95.4,2.4699,4,437.0,21.2,388.69,15.03,18.4,264.42283063159925,540.3810623847878
0.0,0,0.628506564046728,5.757,98.4,2.346,4,437.0,21.2,262.76,17.31,15.6,368.30897696493264,673.2263123847875
0.0,0,0.628506564046728,6.335,98.2,2.1107,4,437.0,21.2,394.67,16.96,18.1,279.3682706315992,547.0500842632406
0.0,0,0.628506564046728,5.942,93.5,1.9669,4,437.0,21.2,378.25,16.9,17.4,261.3430106315992,546.1668823847876
0.0,0,0.628506564046728,6.454,98.4,1.8498,4,437.0,21.2,394.08,14.59,17.1,282.19362063159923,541.2265342632406
0.0,0,0.628506564046728,5.857,98.2,1.6686,4,437.0,21.2,392.04,21.32,13.3,292.8091506315992,548.1922042632407
0.0,0,0.628506564046728,6.151,97.9,1.6687,4,437.0,21.2,396.9,18.46,17.8,291.42033063159914,543.3928242632406
0.0,0,0.628506564046728,6.174,93.6,1.6119,4,437.0,21.2,388.08,24.16,14.0,290.0877506315992,539.1881423847877
0.0,0,0.628506564046728,5.019,100.0,1.4394,4,437.0,21.2,396.9,34.41,14.4,319.2350469649325,563.2882442632408
0.0,1,2.7700150524340907,5.403,100.0,1.3216,5,403.0,14.7,396.9,26.82,13.4,283.86054323109767,521.3355207626778
0.0,0,2.7700150524340907,5.468,100.0,1.4118,5,403.0,14.7,396.9,26.42,15.6,282.9594710088755,516.577665237816
0.0,0,2.7700150524340907,4.903,97.8,1.3459,5,403.0,14.7,396.9,29.29,11.8,288.74271100887546,518.360905237816
0.0,0,2.7700150524340907,6.13,100.0,1.4191,5,403.0,14.7,172.91,27.8,13.8,462.8731110088755,721.355443359363
0.0,0,2.7700150524340907,5.628,100.0,1.5166,5,403.0,14.7,169.27,16.65,15.6,455.7433210088755,710.225653359363
0.0,0,2.7700150524340907,4.926,95.7,1.4608,5,403.0,14.7,391.71,29.53,14.6,284.34369100887557,501.961885237816
0.0,0,2.7700150524340907,5.186,93.8,1.5296,5,403.0,14.7,356.99,28.32,17.8,275.89826100887547,522.380593359363
0.0,0,2.7700150524340907,5.597,94.9,1.5257,5,403.0,14.7,351.85,21.45,15.4,279.6641410088755,522.146473359363
0.0,0,2.7700150524340907,6.122,97.3,1.618,5,403.0,14.7,372.8,14.1,21.5,248.63847100887543,486.45180335936294
0.0,0,2.7700150524340907,5.404,100.0,1.5916,5,403.0,14.7,341.6,13.28,19.6,285.53359100887553,520.015923359363
0.0,1,2.7700150524340907,5.012,88.0,1.6102,5,403.0,14.7,343.28,12.12,15.3,278.4914732310977,508.25858888422493
0.0,0,2.7700150524340907,5.709,98.5,1.6232,5,403.0,14.7,261.95,15.79,19.4,370.70985100887555,597.192183359363
0.0,1,2.7700150524340907,6.129,96.0,1.7494,5,403.0,14.7,321.02,15.12,17.0,312.51054323109776,534.8496588842248
0.0,1,2.7700150524340907,6.152,82.6,1.7455,5,403.0,14.7,88.01,15.02,15.6,537.5226032310978,755.8617188842248
0.0,0,2.7700150524340907,5.272,94.0,1.7364,5,403.0,14.7,88.63,16.14,13.1,552.8011510088755,767.2834833593629
0.0,0,0.4637751418630846,6.943,97.4,1.8773,5,403.0,14.7,363.43,4.59,41.3,294.17844443163784,483.41481803442724
0.0,0,0.4637751418630846,6.066,100.0,1.7573,5,403.0,14.7,353.89,6.43,24.3,289.0615044316379,482.4944702996207
0.0,0,2.7700150524340907,6.51,100.0,1.7659,5,403.0,14.7,364.31,7.39,23.3,281.2845243422089,472.05029021019175
0.0,1,0.4637751418630846,6.25,92.6,1.7984,5,403.0,14.7,338.92,5.5,27.0,305.0364466538601,484.77899582448254
0.0,0,0.4637751418630846,7.489,90.8,1.9709,5,403.0,14.7,374.43,1.73,50.0,300.7596244316378,470.06699803442734
0.0,1,0.4637751418630846,7.802,98.2,2.0407,5,403.0,14.7,389.61,1.92,50.0,326.68545665386006,462.91447543774217
0.0,1,0.4637751418630846,8.375,93.9,2.162,5,403.0,14.7,388.45,3.32,50.0,321.96240665386006,455.08656355928923
0.0,0,0.4637751418630846,5.854,91.8,2.422,5,403.0,14.7,395.11,11.64,22.7,290.5673244316378,437.15018532724497
0.0,0,0.4637751418630846,6.101,93.0,2.2834,5,403.0,14.7,240.16,9.81,25.0,408.13156443163786,575.3185634487919
0.0,0,0.4637751418630846,7.929,96.2,2.0459,5,403.0,14.7,369.3,3.7,50.0,316.3024544316379,469.5388280344273
0.0,0,0.4637751418630846,5.877,79.2,2.4259,5,403.0,14.7,227.61,12.14,23.8,406.3093444316379,572.556343448792
0.0,0,0.4637751418630846,6.319,96.1,2.1,5,403.0,14.7,297.09,11.1,23.8,357.4385644316379,517.320363448792
0.0,0,0.4637751418630846,6.402,95.2,2.2625,5,403.0,14.7,330.04,11.32,22.3,323.93819443163784,483.09399344879193
0.0,0,0.4637751418630846,5.875,94.6,2.4259,5,403.0,14.7,292.29,14.43,17.4,366.8931510983045,525.3754834487919
0.0,0,0.4637751418630846,5.88,97.3,2.3887,5,403.0,14.7,348.13,12.03,19.1,313.54383109830457,467.274163448792
0.0,0,-0.3598819690551316,5.572,88.5,2.5961,5,296.0,16.6,396.9,14.69,23.1,264.08033712372577,298.6842504262715
0.0,0,-0.3598819690551316,6.416,84.1,2.6463,5,296.0,16.6,395.5,9.04,23.6,261.49469712372576,283.8874104262715
0.0,0,-0.3598819690551316,5.859,68.7,2.7019,5,296.0,16.6,393.23,9.64,22.6,248.38642934594805,266.32612042627153
0.0,0,-0.3598819690551316,6.546,33.1,3.1323,5,296.0,16.6,390.96,5.33,29.4,294.46605934594805,257.83815263621625
0.0,0,-0.3598819690551316,6.02,47.2,3.5549,5,296.0,16.6,393.23,10.11,23.2,273.01667934594803,246.3792433544483
0.0,0,-0.3598819690551316,6.315,73.4,3.3175,5,296.0,16.6,395.6,6.29,24.6,261.9100271237258,264.89070727710026
0.0,0,-0.3598819690551316,6.86,74.4,2.9153,5,296.0,16.6,391.27,6.92,29.9,266.1850571237258,257.8463450119068
0.0,0,-0.5506236157940871,6.98,58.4,2.829,3,193.0,17.8,396.9,5.04,37.2,396.0673854371314,348.0705233651681
0.0,0,-0.5506236157940871,7.765,83.3,2.741,3,193.0,17.8,395.56,7.56,39.8,397.8400832149092,370.5754433651681
0.0,0,-0.5506236157940871,6.144,62.2,2.5979,3,193.0,17.8,396.9,9.45,36.2,390.3062054371315,345.242731210472
0.0,0,-0.5506236157940871,7.155,92.2,2.7006,3,193.0,17.8,394.12,4.82,37.9,409.54533321490925,374.28069336516813
0.0,0,-0.5506236157940871,6.563,95.6,2.847,3,193.0,17.8,396.9,5.68,32.5,410.7178832149092,371.5793980613007
0.0,0,-0.5506236157940871,5.604,89.8,2.9879,3,193.0,17.8,391.0,13.98,26.4,389.8277832149092,358.90576877953276
0.0,0,-0.5506236157940871,6.153,68.8,3.2797,3,193.0,17.8,387.11,13.15,29.6,372.4218154371314,334.045479332019
0.0,0,-0.5506236157940871,7.831,53.6,3.1992,3,193.0,17.8,392.63,4.45,50.0,424.46996543713146,338.8731033651682
45.0,0,-0.9927974332343927,6.782,41.1,3.7886,5,398.0,15.2,393.87,6.68,32.0,380.55323147679366,329.14564144674756
45.0,0,-0.9927974332343927,6.556,29.1,4.5667,5,398.0,15.2,382.84,4.56,29.8,383.84018481012697,339.23979426442713
45.0,0,-0.9927974332343927,7.185,38.9,4.5667,5,398.0,15.2,396.9,5.39,34.9,395.04127481012694,334.1855914467475
45.0,0,-0.9927974332343927,6.951,21.5,6.4798,5,398.0,15.2,377.68,5.1,37.0,399.283394810127,355.7576738776867
45.0,0,-0.9927974332343927,6.739,30.8,6.4798,5,398.0,15.2,389.71,4.69,30.5,397.732964810127,327.7721057561398
45.0,0,-0.9927974332343927,7.178,26.3,6.4798,5,398.0,15.2,390.49,2.87,36.4,413.154434810127,339.1935757561398
60.0,0,-1.3049201278981377,6.8,9.9,6.2196,1,265.0,15.6,393.37,5.03,31.1,442.3897941714577,283.90094248395286
60.0,0,-1.3049201278981377,6.604,18.8,6.2196,1,265.0,15.6,376.7,4.38,29.1,417.28127417145765,279.23171530163245
80.0,0,-1.1228485560109533,7.875,32.0,5.6484,4,255.0,14.4,394.23,2.97,50.0,477.10958259957056,310.6207309120657
80.0,0,-1.2789099033428255,7.287,34.1,7.309,2,329.0,12.6,396.9,4.08,33.3,391.81194394690243,299.42253977320945
80.0,0,-1.2789099033428255,7.107,36.6,7.309,2,329.0,12.6,354.31,8.61,30.3,377.31639394690245,314.5451610439277
80.0,0,-1.2789099033428255,7.274,38.3,7.309,2,329.0,12.6,392.2,6.62,34.6,385.6613739469024,285.2719697732095
95.0,0,-1.2875799781945962,6.975,15.3,7.6534,3,402.0,17.0,396.9,4.56,34.9,497.40940179953157,396.0422198480612
95.0,0,-1.2875799781945962,7.135,13.9,7.6534,3,402.0,17.0,384.3,4.45,32.9,486.49312179953165,390.3210779696083
82.5,0,-1.1835390799733483,6.162,38.4,6.27,2,348.0,14.7,393.77,7.43,24.1,395.4748109013104,294.7042212150334
82.5,0,-1.1835390799733483,7.61,15.7,6.27,2,348.0,14.7,395.38,3.11,42.3,445.7366909013104,332.36950894984005
95.0,0,-1.1740019976364,7.853,33.2,5.118,4,224.0,14.7,392.78,3.81,48.5,531.077046041196,332.5907700442989
95.0,0,-1.1740019976364,8.034,31.9,5.118,4,224.0,14.7,390.55,2.88,50.0,534.773056041196,332.28678004429895
0.0,0,-0.5419535409423164,5.891,22.3,3.9454,4,277.0,18.6,396.9,10.87,22.6,369.01098869561304,228.419803274274
0.0,0,-0.5419535409423164,6.326,52.5,4.3549,4,277.0,18.6,394.87,10.97,24.4,340.66141869561307,195.52688664443977
0.0,0,-0.5419535409423164,5.783,72.7,4.3549,4,277.0,18.6,389.43,18.06,22.5,323.4286964733908,217.84218664443975
0.0,1,-0.5419535409423164,6.064,59.1,4.2392,4,277.0,18.6,381.32,14.66,24.4,326.1925609178353,204.61482399250616
0.0,1,-0.5419535409423164,5.344,100.0,3.875,4,277.0,18.6,396.9,23.09,20.0,369.3229653622797,258.0238121693016
0.0,1,-0.5419535409423164,5.96,92.1,3.8771,4,277.0,18.6,393.25,17.27,21.7,351.9003153622797,236.12719587095907
0.0,1,-0.5419535409423164,5.404,88.6,3.665,4,277.0,18.6,395.24,23.98,19.3,361.99820202894637,242.64388216930163
0.0,1,-0.5419535409423164,5.807,53.8,3.6526,4,277.0,18.6,390.94,16.03,22.4,348.45174758450196,189.94469216930165
0.0,0,-0.5419535409423164,6.375,32.3,3.9454,4,277.0,18.6,385.81,9.38,28.1,370.8200886956131,190.32960382676026
0.0,0,-0.5419535409423164,5.412,9.8,3.5875,4,277.0,18.6,348.93,29.55,23.7,415.79826536227984,273.32615769416356
0.0,0,-0.5419535409423164,6.182,42.4,3.9454,4,277.0,18.6,393.63,9.47,25.0,369.0995886956131,180.89720327427403
0.0,1,-0.013078974984303314,5.888,56.0,3.1121,5,276.0,16.4,392.8,13.51,23.3,360.16282064812407,187.512482923105
0.0,0,-0.013078974984303314,6.642,85.1,3.4211,5,276.0,16.4,392.78,9.69,28.7,367.6440462036796,205.0405551330497
0.0,1,-0.013078974984303314,5.951,93.8,2.8893,5,276.0,16.4,396.9,17.92,21.5,380.13197509256844,231.71719292310502
0.0,1,-0.013078974984303314,6.373,92.4,3.3633,5,276.0,16.4,393.74,10.5,23.0,374.06094842590187,215.33763292310502
0.0,1,-0.3858921936104437,6.951,88.5,2.8617,8,307.0,17.4,391.7,9.71,26.7,348.57621957050344,200.7497247873515
0.0,1,-0.3858921936104437,6.164,91.3,3.048,8,307.0,17.4,395.24,21.46,21.7,357.77276623717006,221.84019948348413
0.0,1,-0.3858921936104437,6.879,77.7,3.2721,8,307.0,17.4,390.39,9.93,27.5,340.3757259038367,183.84279478735152
0.0,0,-0.3858921936104437,6.618,80.8,3.2721,8,307.0,17.4,396.9,7.6,30.1,355.7236436816145,191.05881324039018
0.0,0,-0.41190241816575585,8.266,78.3,2.8944,8,307.0,17.4,385.05,4.14,44.8,363.8250675728366,202.24811644124927
0.0,0,-0.41190241816575585,8.725,83.0,2.8944,8,307.0,17.4,382.0,4.63,50.0,372.4324675728366,213.37871644124925
0.0,0,-0.41190241816575585,8.04,86.5,3.2157,8,307.0,17.4,387.38,3.13,37.6,371.5509575728365,197.44762644124927
0.0,0,-0.41190241816575585,7.163,79.9,3.2157,8,307.0,17.4,372.08,6.36,31.6,342.2847175728365,194.07086644124928
0.0,0,-0.41190241816575585,7.686,17.0,3.3751,8,307.0,17.4,377.51,3.92,46.7,411.59372979505866,208.61314936942608
0.0,0,-0.41190241816575585,6.552,21.4,3.3751,8,307.0,17.4,380.34,3.76,31.5,395.7061397950588,183.50089406555867
0.0,0,-0.41190241816575585,5.981,68.1,3.6715,8,307.0,17.4,378.35,11.65,24.3,333.3543197950588,171.3191118556139
0.0,0,-0.41190241816575585,7.412,76.9,3.6715,8,307.0,17.4,376.14,5.25,31.7,351.5263375728365,180.06464644124935
0.0,0,-0.3858921936104437,8.337,73.3,3.8384,8,307.0,17.4,385.91,2.47,41.7,373.0960973482812,178.3710866658046
0.0,0,-0.3858921936104437,8.247,70.4,3.6519,8,307.0,17.4,378.95,3.95,48.3,371.4286395705034,185.40376666580462
0.0,1,-0.3858921936104437,6.726,66.5,3.6519,8,307.0,17.4,360.2,8.05,29.0,358.99442179272563,174.22821219066645
0.0,0,-0.3858921936104437,6.086,61.5,3.6519,8,307.0,17.4,376.75,10.88,24.0,348.9194595705034,155.58317208016925
0.0,1,-0.3858921936104437,6.631,76.5,4.148,8,307.0,17.4,388.45,9.54,25.1,362.7381229038367,154.38105290889854
0.0,0,-0.3858921936104437,7.358,71.6,4.148,8,307.0,17.4,390.07,4.73,31.5,372.4816506816145,151.04388854425758
30.0,0,-1.0708281069003291,6.481,18.5,6.1899,6,300.0,16.6,379.41,6.36,23.7,430.9119877060154,139.691436816546
30.0,0,-1.0708281069003291,6.606,42.2,6.1899,6,300.0,16.6,383.78,7.37,23.3,412.28690770601537,108.87635681654608
30.0,0,-1.0708281069003291,6.897,54.3,6.3361,6,300.0,16.6,391.25,11.38,22.0,404.7633377060154,103.48865421986093
30.0,0,-1.0708281069003291,6.095,65.1,6.3361,6,300.0,16.6,394.62,12.4,20.1,399.47797437268207,118.84597891599353
30.0,0,-1.0708281069003291,6.358,52.9,7.0355,6,300.0,16.6,372.75,11.22,22.2,392.19412770601537,112.23073703754052
30.0,0,-1.0708281069003291,6.393,7.8,7.0355,6,300.0,16.6,374.71,5.19,23.7,448.79445770601535,147.1499068165461
22.0,0,-1.044817882345017,5.593,76.5,7.9549,7,330.0,19.1,372.49,12.5,17.6,349.28858192590457,168.1217017301123
22.0,0,-1.044817882345017,5.605,70.2,7.9549,7,330.0,19.1,389.13,18.46,18.5,367.8235541481268,148.6988073102228
22.0,0,-1.044817882345017,6.108,34.9,8.0555,7,330.0,19.1,390.18,9.16,24.3,401.71798748146017,128.35878653674214
22.0,0,-1.044817882345017,6.226,79.2,8.0555,7,330.0,19.1,376.14,10.15,20.5,360.47689192590457,155.38830543176982
22.0,0,-1.044817882345017,6.433,49.1,7.8265,7,330.0,19.1,374.71,9.52,24.5,376.0226274814601,122.56735835994658
22.0,0,-1.044817882345017,6.718,17.5,7.8265,7,330.0,19.1,393.74,6.56,26.2,433.57128748146016,141.38069239309573
22.0,0,-1.044817882345017,6.487,13.0,7.3967,7,330.0,19.1,396.28,5.9,24.4,440.86091748146015,148.54847708922833
22.0,0,-1.044817882345017,6.438,8.9,7.3967,7,330.0,19.1,377.07,3.59,24.8,430.33812748146016,157.00535150911787
22.0,0,-1.044817882345017,6.957,6.8,8.9067,7,330.0,19.1,386.09,3.53,29.6,450.47900748146003,148.406312945582
22.0,0,-1.044817882345017,8.259,8.4,8.9067,7,330.0,19.1,396.9,3.54,42.8,475.89427748146016,164.54267112237747
80.0,0,-1.382950801564074,6.108,32.0,9.2203,1,315.0,16.4,392.89,6.57,21.9,502.1536715117903,162.6641929366241
80.0,0,-1.382950801564074,5.876,19.1,9.2203,1,315.0,16.4,395.18,9.25,20.9,517.9083815117903,176.4529360857954
90.0,0,-1.3656106518605327,7.454,34.2,6.3361,3,244.0,15.9,386.34,3.11,44.0,600.5974746954201,195.2237611294623
20.0,0,0.8279182856374543,8.704,86.9,1.801,5,264.0,13.0,389.7,5.12,50.0,501.5280697976346,140.67930405113006
20.0,0,0.8279182856374543,7.333,100.0,1.8946,5,264.0,13.0,383.29,7.79,36.0,492.1354397976347,138.501812172677
20.0,0,0.8279182856374543,6.842,100.0,2.0107,5,264.0,13.0,391.93,6.9,30.1,497.1514797976346,128.30271405113007
20.0,0,0.8279182856374543,7.203,81.8,2.1121,5,264.0,13.0,392.8,9.59,33.8,483.0640634643013,112.83980720030135
20.0,0,0.8279182856374543,7.52,89.4,2.1398,5,264.0,13.0,388.37,7.26,43.1,500.1593534643013,124.26422217267705
20.0,0,0.8279182856374543,8.398,91.5,2.2885,5,264.0,13.0,386.86,5.91,48.8,510.54263346430133,133.639542172677
20.0,0,0.8279182856374543,7.327,94.5,2.0788,5,264.0,13.0,393.42,11.25,31.0,498.27698979763466,119.46225720030137
20.0,0,0.8279182856374543,7.206,91.6,1.9301,5,264.0,13.0,387.89,8.1,36.5,500.3191034643013,113.41587217267704
20.0,0,0.8279182856374543,5.56,62.8,1.9865,5,264.0,13.0,392.4,10.45,22.8,477.58367201985686,84.43330946549469
20.0,0,0.8279182856374543,7.014,84.6,2.1329,5,264.0,13.0,384.07,14.79,30.7,485.5483297976346,106.7007353218483
20.0,0,0.20367289630996338,8.297,67.0,2.4216,5,264.0,13.0,384.54,7.44,50.0,500.0083102971961,100.32939678334955
20.0,0,0.20367289630996338,7.47,52.6,2.872,5,264.0,13.0,390.3,3.16,43.5,518.708750297196,77.43901866180258
20.0,1,-0.7587054122365836,5.92,61.5,3.9175,3,223.0,18.6,391.34,13.65,20.7,518.052388344685,114.48223008873333
20.0,0,-0.7587054122365836,5.856,42.1,4.429,3,223.0,18.6,388.65,13.0,21.1,535.1571561224629,105.48189191193784
20.0,0,-0.7587054122365836,6.24,16.3,4.429,3,223.0,18.6,396.9,6.59,25.2,578.7127394557962,129.36910434287697
20.0,0,-0.7587054122365836,6.538,58.7,3.9175,3,223.0,18.6,394.96,7.73,24.4,534.2667494557963,99.26724141470021
20.0,1,-0.7587054122365836,7.691,51.8,4.3665,3,223.0,18.6,390.77,6.58,35.2,553.3436916780183,92.27168097271124
40.0,1,-0.9060966847166856,6.758,32.9,4.0776,4,254.0,17.6,396.9,3.53,32.4,568.5446229504984,90.24377556010825
40.0,0,-0.9060966847166856,6.854,42.8,4.2673,4,254.0,17.6,396.9,2.98,32.0,560.1185007282762,81.58147003524635
40.0,1,-0.9060966847166856,7.267,49.0,4.7872,4,254.0,17.6,389.25,6.05,33.2,548.2449729504985,68.52492556010827
40.0,1,-0.9060966847166856,6.826,27.6,4.8628,4,254.0,17.6,393.45,4.16,33.1,577.3129929504984,97.44174556010826
40.0,0,-0.9060966847166856,6.482,32.1,4.1403,4,254.0,17.6,396.9,7.19,29.1,569.2257607282762,91.23088473137896
20.0,0,-0.9416439916089454,6.812,32.2,4.1007,5,216.0,14.9,396.9,4.85,35.1,603.8966635907241,132.71019579517736
20.0,0,-0.9416439916089454,7.82,64.5,4.6947,5,216.0,14.9,387.31,3.76,45.4,577.1732635907241,135.87195469020503
20.0,0,-0.9416439916089454,6.968,37.2,5.2447,5,216.0,14.9,392.23,4.59,35.4,600.2599935907242,127.0172438062271
20.0,1,-0.9416439916089454,7.645,49.7,5.2119,5,216.0,14.9,377.07,3.01,46.0,588.3221758129463,138.59134745263597
90.0,1,-1.3049201278981377,7.923,24.8,5.885,1,198.0,13.6,395.52,3.16,50.0,732.8472763936799,250.70139585411843
90.0,0,-1.3135902027499085,7.088,20.8,7.3073,1,285.0,15.3,394.72,7.85,32.2,624.7769742463096,142.77431040410838
55.0,0,-1.4089610261193861,6.453,31.9,7.3073,1,300.0,15.3,394.72,8.23,22.0,555.2754450696791,105.61562100648314
80.0,0,-1.4436413255264688,6.23,31.5,9.0892,1,241.0,18.2,341.6,12.93,20.1,647.6060020357528,221.36756102964733
52.5,0,-1.2702398284910548,6.209,31.3,7.3172,6,293.0,16.6,396.9,7.14,23.2,562.5304294276061,96.36492826189344
52.5,0,-1.2702398284910548,6.315,45.6,7.3172,6,293.0,16.6,396.9,7.6,22.3,548.9692394276061,84.39173826189344
52.5,0,-1.2702398284910548,6.565,22.9,7.3172,6,293.0,16.6,371.72,9.51,24.8,550.8231694276061,116.16383953261169
80.0,0,-1.218219379380431,6.861,27.9,5.1167,4,245.0,19.2,396.9,3.33,28.5,653.17804342294,173.02188123819738
80.0,0,-1.218219379380431,7.148,27.7,5.1167,4,245.0,19.2,396.9,3.56,37.3,664.19120342294,184.03504123819744
80.0,0,-1.218219379380431,6.63,23.4,5.1167,4,245.0,19.2,396.9,4.7,27.9,659.4759134229402,179.41698880725818
0.0,0,-0.9927974332343927,6.127,18.4,5.5027,4,289.0,16.0,396.9,8.58,23.9,546.7367914767942,119.87767570089119
0.0,0,-0.9927974332343927,6.009,42.3,5.5027,4,289.0,16.0,396.9,10.4,21.7,521.4321181434607,102.11633570089118
0.0,0,-0.9927974332343927,6.678,31.1,5.9604,4,289.0,16.0,396.9,6.27,28.6,545.910021476794,109.36028028652656
0.0,0,-0.9927974332343927,6.549,51.0,5.9604,4,289.0,16.0,392.85,7.39,27.1,521.286621476794,87.50539962354317
0.0,0,-0.9927974332343927,5.79,58.0,6.32,4,289.0,16.0,396.9,15.84,20.3,515.5373781434607,115.1507227727144
70.0,0,-1.3135902027499085,6.345,20.1,7.8278,5,358.0,14.8,368.24,4.97,22.5,589.0132075796425,231.8620667576993
70.0,0,-1.3135902027499085,7.041,10.0,7.8278,5,358.0,14.8,371.58,4.74,29.0,605.2082575796426,236.59772449250593
70.0,0,-1.3135902027499085,6.871,47.4,7.8278,5,358.0,14.8,390.86,6.07,24.8,581.6286975796426,186.45126394001971
34.0,0,-1.0274777326414755,6.59,40.4,5.4917,7,329.0,16.1,395.75,9.5,22.0,521.2665073317565,131.8333708069279
34.0,0,-1.0274777326414755,6.495,18.4,5.4917,7,329.0,16.1,383.61,8.67,26.4,538.2042173317566,149.07621892847487
34.0,0,-1.0274777326414755,6.982,17.7,5.4917,7,329.0,16.1,390.43,4.86,33.1,558.7138773317565,154.7773153925632
33.0,0,-0.6893448134224185,7.236,41.1,4.022,7,222.0,18.4,393.68,6.93,36.1,647.9148944125374,169.3544551252781
33.0,0,-0.6893448134224185,6.616,58.1,3.37,7,222.0,18.4,393.36,8.93,28.4,622.5685610792041,160.8981300424052
33.0,0,-0.6893448134224185,7.42,71.9,3.0992,7,222.0,18.4,396.9,6.47,33.4,625.090898856982,187.3385021971013
33.0,0,-0.6893448134224185,6.849,70.3,3.1827,7,222.0,18.4,396.9,7.53,28.2,619.534331079204,180.84971219710127
0.0,0,-0.06509942409492755,6.635,82.5,3.3175,4,304.0,18.4,396.9,4.54,22.8,518.0903313101246,164.29487827509885
0.0,0,-0.06509942409492755,5.972,76.7,3.1025,4,304.0,18.4,396.24,9.97,20.3,509.10137797679135,161.09548612040277
0.0,0,-0.06509942409492755,4.973,37.8,2.5194,4,304.0,18.4,350.45,12.64,16.1,541.7698365323471,191.52167717012657
0.0,0,-0.06509942409492755,6.122,52.8,2.6403,4,304.0,18.4,396.9,5.98,22.1,528.5691998656802,141.32466297123148
0.0,0,-0.06509942409492755,6.023,90.4,2.834,4,304.0,18.4,396.3,11.72,19.4,528.3165879767913,183.63527612040275
0.0,0,-0.06509942409492755,6.266,82.8,3.2628,4,304.0,18.4,393.39,7.9,21.6,520.9262979767914,169.10713297123147
0.0,0,-0.06509942409492755,6.567,87.3,3.6023,4,304.0,18.4,395.69,9.28,23.8,529.7113113101248,175.88048612040276
0.0,0,-0.06509942409492755,5.705,77.7,3.945,4,304.0,18.4,396.42,11.5,16.2,524.5764113101246,179.23414612040278
0.0,0,-0.06509942409492755,5.914,83.2,3.9986,4,304.0,18.4,390.7,18.33,17.8,529.5543013101246,186.04625612040277
0.0,0,-0.06509942409492755,5.782,71.7,4.0317,4,304.0,18.4,396.9,15.94,19.8,522.1024513101246,178.3821061204027
0.0,0,-0.06509942409492755,6.382,67.2,3.5325,4,304.0,18.4,395.21,10.36,23.1,522.335513532347,165.36810612040273
0.0,0,-0.06509942409492755,6.113,58.8,4.0019,4,304.0,18.4,396.23,12.73,21.0,531.4636235323469,164.33115612040282
0.0,0,-0.5072732415352336,6.426,52.3,4.5404,5,287.0,19.6,396.9,7.2,23.8,569.0398839517616,140.14446379467537
0.0,0,-0.5072732415352336,6.376,54.3,4.5404,5,287.0,19.6,396.9,6.87,23.1,568.6058939517615,145.21047379467547
0.0,0,-0.5072732415352336,6.041,49.9,4.7211,5,287.0,19.6,396.9,7.7,20.4,574.5195106184282,146.2487230211947
0.0,0,-0.5072732415352336,5.708,74.3,4.7211,5,287.0,19.6,391.13,11.74,18.5,551.6775083962061,170.73566324218925
0.0,0,-0.5072732415352336,6.415,40.1,4.7211,5,287.0,19.6,396.9,6.12,25.0,591.5160939517615,156.6446730211948
0.0,0,-0.5072732415352336,6.431,14.7,5.4159,5,287.0,19.6,393.68,5.08,24.6,617.1961239517616,182.01580103224444
0.0,0,-0.5072732415352336,6.312,28.9,5.4159,5,287.0,19.6,396.9,6.15,23.0,605.3155139517615,173.778477330587
0.0,0,-0.5072732415352336,6.083,43.7,5.4159,5,287.0,19.6,396.9,12.79,22.2,585.8637539517615,164.41907047975826
0.0,0,-0.7933857116436664,5.868,25.8,5.2146,4,430.0,16.9,382.44,9.97,19.3,655.8693153107587,319.3698981229467
0.0,0,-0.7933857116436664,6.333,17.2,5.2146,4,430.0,16.9,375.21,7.34,22.6,659.7197786440918,332.5897949737754
0.0,0,-0.7933857116436664,6.144,32.2,5.8736,4,430.0,16.9,368.57,9.09,19.8,648.1740453107586,329.86362812294675
35.0,0,-0.984994365867799,5.706,28.4,6.6407,1,304.0,16.9,394.02,12.43,17.1,620.3740750760941,188.21714898711548
35.0,0,-0.984994365867799,6.031,23.3,6.6407,1,304.0,16.9,362.25,7.83,19.4,618.0776450760941,210.4388239594912
0.0,0,-0.31653159479627807,6.316,38.1,6.4584,5,224.0,20.2,389.71,5.68,22.2,669.4939123050226,236.58474118727068
0.0,0,-0.31653159479627807,6.31,38.5,6.4584,5,224.0,20.2,389.4,6.75,20.7,670.7180289716893,238.3241911872707
0.0,0,-0.31653159479627807,6.037,34.5,5.9853,5,224.0,20.2,396.9,8.01,21.1,682.0884989716893,249.9618611872707
0.0,0,-0.31653159479627807,5.869,46.3,5.2311,5,224.0,20.2,396.9,9.8,19.5,671.5176389716894,242.525034336442
0.0,0,-0.31653159479627807,5.895,59.6,5.615,5,224.0,20.2,394.81,10.56,18.5,658.7293989716894,249.3739214082652
0.0,0,-0.31653159479627807,6.059,37.3,4.8122,5,224.0,20.2,396.14,8.51,20.6,683.3399489716893,252.38152002704976
0.0,0,-0.31653159479627807,5.985,45.4,4.8122,5,224.0,20.2,396.9,9.74,19.0,678.4220389716893,249.9236100270497
0.0,0,-0.31653159479627807,5.968,58.5,4.8122,5,224.0,20.2,396.9,9.29,18.7,668.0824989716891,254.6011970988729
35.0,0,-0.9494470589755392,7.241,49.3,7.0379,1,284.0,15.5,394.74,5.49,32.7,659.9224811025352,177.919817260334
0.0,0,-0.2905213702409659,6.54,59.7,6.2669,1,422.0,15.9,389.96,8.65,16.5,659.6051409693557,325.82850472674284
55.0,0,-0.58530391520117,6.696,56.4,5.7321,5,370.0,17.6,396.9,7.18,23.9,652.3384512920936,271.33789759614734
55.0,0,-0.58530391520117,6.874,28.1,6.4654,5,370.0,17.6,387.97,4.61,31.2,684.4846912920937,285.5249110768103
0.0,0,-0.9494470589755392,6.014,48.5,8.0136,3,352.0,18.8,385.64,10.53,17.5,595.5234166580904,255.5853254371294
0.0,0,-0.9494470589755392,5.898,52.3,8.0136,3,352.0,18.8,364.61,12.67,17.2,587.1779266580903,280.8579625089526
85.0,0,-1.0621580320485584,6.516,27.7,8.5353,4,351.0,17.9,392.43,6.36,23.1,697.5696798533857,307.7674039792631
80.0,0,-1.0101375829379342,6.635,29.7,8.344,4,280.0,17.0,390.94,5.99,24.5,725.7912716264975,250.6858453533572
40.0,0,-1.0621580320485584,6.939,34.5,8.7921,1,335.0,19.7,389.85,5.89,26.6,642.8491898533856,246.50675928313058
40.0,0,-1.0621580320485584,6.49,44.4,8.7921,1,335.0,19.7,396.9,5.98,22.9,637.7270698533855,249.05679397926312
60.0,0,-1.218219379380431,6.579,35.9,10.7103,4,411.0,18.3,370.78,5.49,24.1,720.4739412007176,362.08980344814205
60.0,0,-1.218219379380431,5.884,18.5,10.7103,4,411.0,18.3,392.33,7.79,18.6,756.8464678673843,370.70672532659495
90.0,0,-1.2268894542322017,6.728,36.1,12.1265,5,187.0,17.0,384.46,4.5,30.1,837.5369990533472,363.8157962301763
80.0,0,-1.2008792296768895,5.663,21.9,10.5857,4,334.0,22.0,382.8,8.05,18.2,694.6449577176805,320.7003532984385
80.0,0,-1.2008792296768895,5.936,19.5,10.5857,4,334.0,22.0,376.04,5.57,20.6,692.0283777176805,331.60377329843845
0.0,1,1.8943374924052503,6.212,97.4,2.1222,24,666.0,20.2,377.73,17.6,17.8,958.6583756710688,692.7248051363504
0.0,1,1.8943374924052503,6.395,91.0,2.5052,24,666.0,20.2,391.34,13.27,21.7,954.3051156710688,665.6704070148036
0.0,1,1.8943374924052503,6.127,83.4,2.7227,24,666.0,20.2,395.43,11.48,22.7,954.3258190044023,662.7729770148034
0.0,0,1.8943374924052503,6.112,81.3,2.5091,24,666.0,20.2,390.74,12.67,22.6,947.13973678218,657.7821114899416
0.0,0,1.8943374924052503,6.398,88.0,2.5182,24,666.0,20.2,374.56,7.79,25.0,946.8404467821798,672.5687264623173
0.0,0,1.8943374924052503,6.251,91.1,2.2955,24,666.0,20.2,350.65,14.19,19.9,967.1967334488465,711.8573796114886
0.0,0,1.8943374924052503,5.362,96.2,2.1036,24,666.0,20.2,380.79,10.19,20.8,961.1108134488467,684.8396596114886
0.0,1,1.8943374924052503,5.803,89.0,1.9047,24,666.0,20.2,353.04,14.64,16.8,972.2541056710687,716.9207351363506
0.0,1,1.4434936001131735,8.78,82.9,1.9047,24,666.0,20.2,354.55,5.29,21.9,967.4573517787768,702.8785933987546
0.0,0,1.4434936001131735,3.561,87.9,1.6132,24,666.0,20.2,354.7,7.12,27.5,978.4433528898878,703.8038325700252
0.0,0,1.4434936001131735,4.963,91.4,1.7523,24,666.0,20.2,316.03,14.0,21.9,1011.0179995565547,755.8278457191965
0.0,0,0.6891970880091229,3.863,100.0,1.5106,24,666.0,20.2,131.42,13.33,23.1,1217.0739863777837,959.5804992070923
0.0,0,0.6891970880091229,4.97,100.0,1.3325,24,666.0,20.2,375.52,3.26,50.0,1006.6521063777836,725.0063484888603
0.0,1,0.6891970880091229,6.683,96.8,1.3567,24,666.0,20.2,375.33,3.73,50.0,1005.7620886000061,723.4537593175897
0.0,1,0.6891970880091229,7.016,97.5,1.2024,24,666.0,20.2,392.05,2.96,50.0,1027.3081686000062,717.8647011960428
0.0,0,0.6891970880091229,6.216,100.0,1.1691,24,666.0,20.2,366.15,9.53,50.0,1012.9737863777839,739.9518616380317
0.0,1,1.009989857524639,5.875,89.6,1.1296,24,666.0,20.2,347.88,8.88,50.0,1024.0730513695214,749.6871099324093
0.0,0,1.009989857524639,4.906,100.0,1.1742,24,666.0,20.2,396.9,34.77,13.8,1038.099745813966,750.0454538550609
0.0,0,1.009989857524639,4.138,100.0,1.137,24,666.0,20.2,396.9,37.97,13.8,1051.495045813966,763.440753855061
0.0,0,1.0360000820799513,7.313,97.9,1.3163,24,666.0,20.2,396.9,13.44,15.0,1025.7208560385213,736.7672093834836
0.0,0,1.0360000820799513,6.649,93.3,1.3449,24,666.0,20.2,363.02,23.24,13.9,1014.0181560385213,757.9286475050305
0.0,0,1.0360000820799513,6.794,98.8,1.358,24,666.0,20.2,396.9,21.24,13.3,1029.7745460385213,740.8208993834836
0.0,0,1.0360000820799513,6.38,96.2,1.3861,24,666.0,20.2,396.9,23.69,13.1,1045.2071560385216,756.7456640796163
0.0,0,1.0360000820799513,6.223,100.0,1.3861,24,666.0,20.2,393.74,21.78,10.2,1042.898656038521,754.7511640796164
0.0,0,1.0360000820799513,6.545,99.1,1.5192,24,666.0,20.2,396.9,21.08,10.9,1044.9552560385212,756.1637640796163
0.0,0,1.2874322527813007,5.536,100.0,1.5804,24,666.0,20.2,396.9,23.6,11.3,1043.7499082092227,755.6956162503177
0.0,0,1.2874322527813007,5.52,100.0,1.5331,24,666.0,20.2,396.9,24.56,12.3,1044.5786682092228,756.5243762503176
0.0,0,1.2874322527813007,4.368,91.2,1.4395,24,666.0,20.2,285.83,30.63,8.8,1122.8876882092227,867.6975343718648
0.0,0,1.2874322527813007,5.277,98.1,1.4261,24,666.0,20.2,396.9,30.81,7.2,1067.1979882092228,779.1436962503177
0.0,0,1.2874322527813007,4.652,100.0,1.4672,24,666.0,20.2,396.9,28.28,10.5,1073.4338882092227,785.3795962503177
0.0,0,1.2874322527813007,5.0,89.5,1.5184,24,666.0,20.2,396.9,31.99,7.4,1069.5479882092227,781.4936962503175
0.0,0,1.2874322527813007,4.88,100.0,1.5895,24,666.0,20.2,372.92,30.62,10.2,1045.6834882092226,789.5843343718648
0.0,0,1.2874322527813007,5.39,98.9,1.7281,24,666.0,20.2,396.9,20.85,11.5,1052.6629282092226,764.6086362503177
0.0,0,1.2874322527813007,5.713,97.0,1.9265,24,666.0,20.2,394.43,17.11,15.1,1041.2419382092228,753.1876462503176
0.0,0,1.2874322527813007,6.051,82.5,2.1678,24,666.0,20.2,378.38,18.76,23.2,1006.496871542556,736.9743843718649
0.0,0,1.2874322527813007,5.036,97.0,1.77,24,666.0,20.2,396.9,25.68,9.7,1067.1311882092227,779.0768962503178
0.0,0,1.2267417288189058,6.193,92.6,1.7912,24,666.0,20.2,396.9,15.17,13.8,1045.98235768526,757.8948657263553
0.0,0,1.2267417288189058,5.887,94.7,1.7821,24,666.0,20.2,396.9,16.35,12.7,1057.3592976852601,769.3050057263553
0.0,0,1.2267417288189058,6.471,98.8,1.7257,24,666.0,20.2,391.98,17.12,13.1,1054.3278476852602,765.6843557263553
0.0,0,1.2267417288189058,6.405,96.0,1.6768,24,666.0,20.2,396.9,19.37,12.5,1058.43604768526,769.9245557263552
0.0,0,1.2267417288189058,5.747,98.9,1.6334,24,666.0,20.2,393.1,19.92,8.5,1066.1302176852603,778.0759257263552
0.0,0,1.2267417288189058,5.453,100.0,1.4896,24,666.0,20.2,396.9,30.59,5.0,1118.31779768526,830.2635057263551
0.0,0,1.2267417288189058,5.852,77.8,1.5004,24,666.0,20.2,338.16,29.97,6.3,1077.2237476852604,822.0335938479022
0.0,0,1.2267417288189058,5.987,100.0,1.5888,24,666.0,20.2,396.9,26.77,5.6,1103.9588976852601,815.9046057263553
0.0,0,1.2267417288189058,6.343,100.0,1.5741,24,666.0,20.2,396.9,20.32,7.2,1087.0908976852602,798.7034057263553
0.0,0,1.2267417288189058,6.404,100.0,1.639,24,666.0,20.2,376.11,20.31,12.1,1058.7465076852604,795.8121538479023
0.0,0,1.2267417288189058,5.349,96.0,1.7028,24,666.0,20.2,396.9,19.77,8.3,1096.5384976852604,808.4842057263554
0.0,0,0.9319591838587028,4.138,100.0,1.1781,24,666.0,20.2,370.22,23.34,11.9,1079.6749151403,824.484761302942
0.0,0,0.9319591838587028,5.608,100.0,1.2852,24,666.0,20.2,332.09,12.13,27.9,1094.7080484736337,827.0625613029422
0.0,0,0.39441454304891893,5.617,97.9,1.4547,24,666.0,20.2,314.64,26.4,17.2,1119.3094604994903,864.1193066621324
0.0,0,0.39441454304891893,6.852,100.0,1.4655,24,666.0,20.2,179.36,19.78,27.5,1260.0126038328237,992.8197619659998
0.0,0,0.39441454304891893,6.657,100.0,1.5275,24,666.0,20.2,35.05,21.22,17.2,1407.3146704994906,1151.2251619659996
0.0,0,0.39441454304891893,4.628,100.0,1.5539,24,666.0,20.2,28.79,34.37,17.9,1433.8263704994906,1178.6362166621323
0.0,0,0.39441454304891893,5.155,100.0,1.5894,24,666.0,20.2,210.97,20.08,16.3,1250.2386704994904,995.0485166621323
0.0,0,1.105360680894117,6.434,100.0,1.8347,24,666.0,20.2,27.25,29.05,7.2,1444.1593166373355,1188.4539627999773
0.0,0,1.105360680894117,6.782,90.8,1.8195,24,666.0,20.2,21.57,25.79,7.5,1432.1921166373354,1176.102608103845
0.0,0,1.105360680894117,5.304,89.1,1.6475,24,666.0,20.2,127.36,26.64,10.4,1340.1973166373352,1085.0071627999776
0.0,0,1.4434936001131735,6.824,76.5,1.794,24,666.0,20.2,48.45,22.74,8.4,1393.4458495565545,1137.356341023064
0.0,0,1.4434936001131735,6.411,100.0,1.8589,24,666.0,20.2,318.75,15.02,16.7,1131.4230495565544,875.7636957191966
0.0,0,1.4434936001131735,6.006,95.3,1.8746,24,666.0,20.2,319.98,15.7,14.2,1126.5283395565548,871.3381857191964
0.0,0,0.541805815529021,5.648,87.6,1.9512,24,666.0,20.2,291.55,14.1,20.8,1145.4636617719705,890.2735079346124
0.0,0,0.28170356997589974,5.837,59.7,1.9976,24,666.0,20.2,24.65,15.69,10.2,1426.48938174864,1149.1670056890594
0.0,0,1.105360680894117,6.202,78.7,1.8629,24,666.0,20.2,18.82,14.52,10.9,1455.3764166373355,1200.1350627999775
0.0,0,1.105360680894117,6.193,78.1,1.9356,24,666.0,20.2,96.73,21.52,11.0,1355.3899266373353,1100.1665727999775
0.0,0,1.105360680894117,6.38,95.6,1.9682,24,666.0,20.2,60.72,24.08,9.5,1417.0861066373354,1161.4887527999776
0.0,0,0.28170356997589974,6.348,86.1,2.0527,24,666.0,20.2,83.45,17.64,14.5,1373.6291895264171,1118.0958356890594
0.0,0,0.28170356997589974,6.833,94.3,2.0882,24,666.0,20.2,81.33,19.69,14.1,1390.4188595264175,1134.3293509929267
0.0,0,0.28170356997589974,6.425,74.8,2.2004,24,666.0,20.2,97.95,12.03,16.1,1343.2524095264173,1086.8130556890592
0.0,0,1.40014322585432,6.436,87.9,2.3158,24,666.0,20.2,100.19,16.22,14.3,1361.5014691822958,1105.7921153449377
0.0,0,1.40014322585432,6.208,95.0,2.2222,24,666.0,20.2,100.63,15.17,11.7,1379.9093991822956,1124.6560453449376
0.0,0,1.634235246852129,6.629,94.6,2.1247,24,666.0,20.2,109.85,23.27,13.4,1376.6889912032937,1120.599482669803
0.0,0,1.634235246852129,6.461,93.3,2.0026,24,666.0,20.2,27.49,18.05,9.6,1461.5434912032936,1205.7841373659355
0.0,0,1.634235246852129,5.935,87.9,1.8206,24,666.0,20.2,68.95,34.02,8.4,1435.2495912032937,1180.0594373659353
0.0,0,1.634235246852129,5.627,93.9,1.8172,24,666.0,20.2,396.9,22.88,12.8,1144.6525212032934,856.5982292443886
0.0,0,1.634235246852129,5.818,92.4,1.8662,24,666.0,20.2,391.45,22.11,10.5,1153.6529912032934,865.5986992443885
0.0,0,1.634235246852129,6.406,97.2,2.0651,24,666.0,20.2,385.96,19.52,17.1,1133.1183712032937,850.4800173659355
0.0,0,1.634235246852129,6.219,100.0,2.0048,24,666.0,20.2,395.69,16.59,18.4,1139.2338612032934,851.0943692443884
0.0,0,1.634235246852129,6.485,100.0,1.9784,24,666.0,20.2,386.73,18.85,15.4,1142.1264312032936,857.7900773659354
0.0,0,1.634235246852129,5.854,96.6,1.8956,24,666.0,20.2,240.52,23.79,10.8,1270.8797912032935,1015.6896373659356
0.0,0,1.634235246852129,6.459,94.8,1.9879,24,666.0,20.2,43.06,23.98,11.8,1465.4671912032936,1209.7118373659353
0.0,0,1.634235246852129,6.341,96.4,2.072,24,666.0,20.2,318.01,17.79,14.9,1180.2413612032935,924.7220073659356
0.0,0,1.634235246852129,6.251,96.6,2.198,24,666.0,20.2,388.52,16.44,12.6,1148.4111412032937,860.9627873659354
0.0,0,1.40014322585432,6.185,98.7,2.2616,24,666.0,20.2,396.9,18.13,14.1,1160.1216891822958,872.0501972233906
0.0,0,1.40014322585432,6.417,98.3,2.185,24,666.0,20.2,304.21,19.31,13.0,1206.3282091822955,950.6568553449376
0.0,0,1.40014322585432,6.655,98.2,2.3552,24,666.0,20.2,355.29,17.73,15.2,1153.3511391822958,897.2616306488051
0.0,0,1.40014322585432,6.297,91.8,2.3682,24,666.0,20.2,385.09,17.27,16.1,1142.3181691822956,861.6378153449376
0.0,0,1.40014322585432,7.393,99.3,2.4527,24,666.0,20.2,375.87,16.74,17.8,1144.537589182296,881.6390806488051
0.0,0,1.40014322585432,6.525,86.5,2.4358,24,666.0,20.2,50.92,18.13,14.1,1454.6217691822958,1198.7344153449376
0.0,0,1.40014322585432,5.976,87.9,2.5806,24,666.0,20.2,10.48,19.01,12.7,1500.365229182296,1245.1750753449376
0.0,0,1.40014322585432,6.301,83.7,2.7831,24,666.0,20.2,272.21,16.23,14.9,1236.260329182296,980.8209753449377
0.0,0,1.40014322585432,6.081,84.4,2.7175,24,666.0,20.2,396.9,14.7,20.0,1155.5946691822958,867.5403772233907
0.0,0,1.40014322585432,6.701,90.0,2.5975,24,666.0,20.2,255.23,16.42,16.4,1259.8758291822955,1003.7863206488051
0.0,0,1.40014322585432,6.376,88.4,2.5671,24,666.0,20.2,391.43,14.65,17.7,1157.5212091822955,869.0677172233908
0.0,0,1.40014322585432,6.317,83.0,2.7344,24,666.0,20.2,396.9,13.99,19.5,1159.8667191822958,871.5312272233907
0.0,0,1.40014322585432,6.513,89.9,2.8016,24,666.0,20.2,393.82,10.29,20.2,1164.8137491822959,871.8542572233907
0.0,0,0.89727888445162,6.209,65.4,2.9634,24,666.0,20.2,396.9,13.22,21.4,1154.6734770631151,855.821762881988
0.0,0,0.89727888445162,5.759,48.2,3.0665,24,666.0,20.2,334.4,14.13,19.9,1185.5204570631154,889.8809539317119
0.0,0,0.89727888445162,5.952,84.7,2.8715,24,666.0,20.2,22.01,17.15,19.0,1495.8116148408928,1240.6214610035352
0.0,0,0.28170356997589974,6.003,94.5,2.5403,24,666.0,20.2,331.29,21.32,19.1,1202.7135395264177,947.5233856890592
0.0,0,0.24702327056881693,5.926,71.0,2.9084,24,666.0,20.2,368.74,18.13,19.1,1151.4011792270103,896.2110253896521
0.0,0,0.24702327056881693,5.713,56.7,2.8237,24,666.0,20.2,396.9,14.76,20.1,1181.3695014492325,865.1829872681052
0.0,0,0.24702327056881693,6.167,84.0,3.0334,24,666.0,20.2,396.9,16.29,19.9,1174.8772692270102,886.8229772681051
0.0,0,-0.16914032231617604,6.229,90.7,3.0993,24,666.0,20.2,395.33,12.87,19.6,1178.316735143653,889.9785336752202
0.0,0,0.24702327056881693,6.437,75.0,2.8965,24,666.0,20.2,393.37,14.36,23.2,1163.2285925603437,872.1497672681052
0.0,0,0.541805815529021,6.98,67.6,2.5329,24,666.0,20.2,374.68,11.66,29.8,1153.1424073275261,872.7991056694191
0.0,0,0.28170356997589974,5.427,95.4,2.4298,24,666.0,20.2,352.58,18.14,13.8,1202.7635495264176,947.5733956890593
0.0,0,0.28170356997589974,6.162,97.4,2.206,24,666.0,20.2,302.76,24.1,13.3,1260.8696795264175,1005.6795256890593
0.0,0,0.541805815529021,6.484,93.6,2.3053,24,666.0,20.2,396.21,18.68,16.7,1203.2209717719702,914.5514798130655
0.0,0,0.541805815529021,5.304,97.3,2.1007,24,666.0,20.2,349.48,24.91,12.0,1230.01336177197,974.8232079346122
0.0,0,0.541805815529021,6.185,96.7,2.1705,24,666.0,20.2,379.7,18.03,14.6,1200.4583617719704,930.7820079346125
0.0,0,0.541805815529021,6.229,88.0,1.9512,24,666.0,20.2,383.32,13.11,21.4,1190.0223617719703,913.0180079346125
0.0,0,-0.16914032231617604,6.242,64.7,3.4242,24,666.0,20.2,396.9,10.74,23.0,1185.3979906992088,879.4662336752201
0.0,0,-0.16914032231617604,6.75,74.9,3.3317,24,666.0,20.2,393.07,7.74,23.7,1185.8204384769865,884.8387158299164
0.0,0,-0.16914032231617604,7.061,77.0,3.4106,24,666.0,20.2,395.28,7.01,25.0,1194.4155184769863,890.8337958299162
0.0,0,-0.16914032231617604,5.762,40.3,4.0983,24,666.0,20.2,392.92,10.42,21.8,1208.4150206992088,875.2493766033971
0.0,0,0.27303349512412906,5.871,41.9,3.724,24,666.0,20.2,370.73,13.34,20.6,1189.8216816737877,894.1821785423841
0.0,0,0.27303349512412906,6.312,51.9,3.9917,24,666.0,20.2,388.62,10.58,21.2,1197.688375007121,868.2357056142076
0.0,0,0.27303349512412906,6.114,79.8,3.5459,24,666.0,20.2,392.68,14.98,19.1,1198.8567394515658,910.8024474926605
0.0,0,0.27303349512412906,5.905,53.2,3.1523,24,666.0,20.2,388.22,11.45,20.6,1201.5574816737876,877.8141056142074
0.0,0,0.49845544127016744,5.454,92.7,1.8209,4,711.0,20.1,395.09,18.06,15.2,1258.1687395088225,969.9400346874254
0.0,0,0.49845544127016744,5.414,98.3,1.7554,4,711.0,20.1,344.05,23.97,7.0,1285.7427295088228,1030.3781628089723
0.0,0,0.49845544127016744,5.093,98.0,1.8226,4,711.0,20.1,318.43,29.68,8.1,1317.9024395088227,1062.5511391073146
0.0,0,0.49845544127016744,5.983,98.8,1.8681,4,711.0,20.1,390.11,18.07,13.6,1266.3676595088225,978.1389546874253
0.0,0,0.49845544127016744,5.983,83.5,2.1099,4,711.0,20.1,396.9,13.35,20.1,1248.3902795088225,960.1615746874253
0.0,0,0.2903736448276705,5.707,54.0,2.3817,6,391.0,19.2,396.9,12.01,21.8,917.0142966012688,591.2675813440214
0.0,0,0.2903736448276705,5.926,42.6,2.3817,6,391.0,19.2,396.9,13.59,24.5,933.2803699346024,596.4626805705407
0.0,0,0.2903736448276705,5.67,28.8,2.7986,6,391.0,19.2,393.29,17.6,23.1,948.0200499346022,613.8448742721982
0.0,0,0.2903736448276705,5.39,72.9,2.7986,6,391.0,19.2,396.9,21.14,19.7,918.6038843790468,627.3589376423643
0.0,0,0.2903736448276705,5.794,70.6,2.8927,6,391.0,19.2,396.9,14.1,18.3,912.519226601269,620.8996176423641
0.0,0,0.2903736448276705,6.019,65.3,2.4091,6,391.0,19.2,396.9,12.92,21.2,916.027086601269,613.7489576423641
0.0,0,0.2903736448276705,5.569,73.5,2.3999,6,391.0,19.2,395.77,15.1,17.5,920.5653543790468,629.1428613440214
0.0,0,0.2903736448276705,6.027,79.7,2.4982,6,391.0,19.2,396.9,14.33,16.8,929.2225043790468,637.8471176423641
0.0,0,0.186332746606422,6.593,69.1,2.4786,1,273.0,21.0,391.99,9.67,22.4,915.5111245919371,535.6199944789498
0.0,0,0.186332746606422,6.12,76.7,2.2875,1,273.0,21.0,396.9,9.08,20.6,928.0238290363816,552.0214544789497
0.0,0,0.186332746606422,6.976,91.0,2.1675,1,273.0,21.0,396.9,5.64,23.9,949.214872369715,566.7157766336459
0.0,0,0.186332746606422,6.794,89.3,2.3889,1,273.0,21.0,393.45,6.48,22.0,942.8726423697149,564.1735466336457
0.0,0,0.186332746606422,6.03,80.8,2.505,1,273.0,21.0,396.9,7.88,11.9,947.8941890363814,570.1977813297783
